Song Name,Track_ID
Blinding Lights,0VjIjW4GlUZAMYd2vXMi3b
Memories,2b8fOow8UzyDFAE27YhOZM
SAD!,3ee8Jmje8o58CHK66QrVC2
STAY (with Justin Bieber),5HCyWlXZPP0y6Gqq8TgA20
Someone You Loved,7qEHsqek33rTcFNT9PFqLf
drivers license,7lPN2DXiMsVn7XUKtOW1CS
Let Me Down Slowly,2qxmye6gAegTMjLKEBoR3d
Never Be the Same,4eWQlBRaTjPPUlzacqEeoQ
goosebumps,6gBFPUFcJLzWGx4lenP6h2
Him & I,3YU6vJbjYUG0tiJyXf9x5V
Nonstop,0TlLq3lA83rQOYtrqBqSct
Savage Love (Laxed - Siren Beat),1xQ6trAsedVPCdbtDAmk0c
7 rings,6ocbgoVGwYJhOv1GgI9NsF
Happier,2RttW7RAu5nOAfq6YFvApB
Calm Down,6hgoYQDUcPyCz7LcTUHKxa
lovely (with Khalid),0u2P5u6lvoDfwTYjAADbn4
Heat Waves,3USxtqRwSYz57Ewm6wWRMp
Can't Hold Us (feat. Ray Dalton),22skzmqfdWrjJylampe0kt
Stereo Hearts (feat. Adam Levine),0qOnSQQF0yzuPWsXrQ9paz
Dusk Till Dawn (feat. Sia) - Radio Edit,3e7sxremeOE3wTySiOhGiP
Bad Liar,2RSHsoi04658QL5xgQVov3
FRIENDS,08bNPGLD8AhKpnnERrAc6G
Treat You Better,3QGsuHI8jO1Rx4JWLUh9jd
Love The Way You Lie,15JINEqzVMv3SvJTAXAKED
Wolves,0tBbt8CrmxbjRP0pueQkyU
Se√±orita,6v3KW9xbzN5yKLt9YKDYA2
No Lie,48QmG1dfvMuYLxMPt7KSRA
Whatever It Takes,6Qn5zhYkTa37e91HC1D7lb
Falling,0Aqi7ArnBrGblW5T6p2jmD
Hymn for the Weekend,3RiPr603aXAoi4GHyXx0uy
Counting Stars,2tpWsVSb9UEmDRxAl1zhX1
Rockabye (feat. Sean Paul & Anne-Marie),2hrUO4drrO63i7FYbCLBl2
Something Just Like This,6RUKPb4LETWmmr3iAEQktW
Perfect,0tgVpDi06FyKpA1z0VMD4v
Attention,5cF0dROlMOK5uNZtivgu50
Symphony (feat. Zara Larsson),72gv4zhNvRVdQA0eOenCal
Believer,0pqnGHJpmpxLKifKRmU6WP
The Greatest,6bLopGnirdrilrpdVB6Um1
Thunder,1zB4vmk8tFRmM9UULNzbLB
Closer,7BKLCZ1jbUBVqRi2FVlTVw
Let Me Love You,0lYBSQXN6rCTvUZvg9S0lU
See You Again (feat. Charlie Puth),2JzZzZUQj3Qff7wapcbKjc
Maps,4gbVRS8gloEluzf0GzDOFc
I Don‚Äôt Wanna Live Forever (Fifty Shades Darker),55n9yjI6qqXh5F2mYvUc2y
Animals,2bL2gyO6kBdLkNSkxXNh6x
Shape of You,7qiZfU4dY1lWllzX7mPBI3
Paris,72jbDTw1piOOj770jWNeaG
The Middle,09IStsImFySgyp0pIQdqAc
Titanium (feat. Sia),0lHAMNU8RGiIObScrsRgmP
"Take Me Home, Country Roads - Original Version",1YYhDizHx7PnDhAhko6cDS
Waiting for a Girl like You,2OgVsp77En2nju8pnCieVU
I Want to Know What Love Is - 1999 Remaster,1JLn8RhQzHz3qDqsChcmBl
As It Was,4Dvkj6JhhA12EX05fT7y2e
Viva La Vida,1mea3bSkSGXuIRvnydlB5b
Take on Me,2WfaOiMkCvy7F5fcp2zZ8L
Bohemian Rhapsody,3z8h0TU7ReDPLIbEnYhWZb
The Final Countdown,3MrRksHupTVEQ7YbA0FsZK
Live Is Life,76pyWH7ZLr6q4kJZS3MmEE
Cheap Thrills,27SdWb2rFzO6GWiYDBTD9j
We Who Lament,60YFo3TyBJ1nd2Flke5SYK
"Alone, Pt. II",28VbwtsYnj85UEODGpQRem
I'm Good (Blue),4uUG5RXrOk84mYEfFvj3cK
Bones,54ipXppHLA8U4yqpOFTUhr
Demons,5qaEfEh1AtSdrdrByCP7qR
Something Just Like This,6RUKPb4LETWmmr3iAEQktW
A Sky Full of Stars,0FDzzruyVECATHXKHFs9eJ
Hips Don't Lie (feat. Wyclef Jean),3ZFTkvIE7kyPt6Nu3PEa7V
Wavin' Flag - Coca-Cola¬Æ Celebration Mix,4nOygULhEuDO5ZBRNPFaso
Time of Our Lives,1OPLF48hCfqeEjlFP3e8xX
The Nights,0ct6r3EGTcMLPtrXHDvVjc
Hall of Fame (feat. will.i.am),7wMq5n8mYSKlQIGECKUgTX
Hotel California - 2013 Remaster,40riOy7x9W7GXjyGp4pjAv
Laid to Rest,1yc53HK08sDab7PDFgnLWk
Are You Dead Yet?,52s05aBQd2LVc6EWIQCQI1
Breaking the Law,2RaA6kIcvomt77qlIgGhCT
Holy Wars...The Punishment Due - 2004 Remix,5LyRtsQLhcXmy50VXhQXXS
Symphony Of Destruction - Remastered 2012,5mR858YsHYG761aUqZoGkD
Painkiller,0L7zm6afBEtrNKo6C6Gj08
Cowboys from Hell,2SgbR6ttzoNlCRGQOKjrop
Heaven and Hell - 2008 Remaster,3Jl5GohfNwozDmpzmQBLDI
Raining Blood,01Mpj13vURSO3cCLprPt5T
Pull Me Under,5CPXR6lDTvngxtmMZxnWmC
Bleed,4E6wpXABj8XosZEPXZz2OK
Paranoid - 2012 - Remaster,1Y373MqadDRtclJNdnUXVc
Flying Whales,5OjCsHeByDYEGxMrb1z8KQ
Blood and Thunder,3jagGO7eHHuaD53ibehkux
Voice of the Soul,69Yia3qCLw6N9U80WhLwLn
Ghost of Perdition,0ppdt8zRZOHIKh4ZDB0Zp9
Psychosocial,3RAFcUBrCNaboRXoP3S5t1
In Waves,1yYr4D1KjhhyDD5bZIiFQy
Blackwater Park,7IDQX9EUgMNQTgYcZSpO1d
As I Am,6hz6lrQtLcxOOjflnYjF9o
Needled 24 / 7,1aKrYw2i1mWRPMOUUe3dT8
Hail to the King,5anCkDvJ17aznvK5TED5uo
Toxicity,0snQkGI5qnAmohLE7jTsTn
Schism,55mJleti2WfWEFNFcBduhc
B.Y.O.B.,0EYOdF5FCkgOJJla8DI2Md
Nightmare,4UEo1b0wWrtHMC8bVqPiH8
Through the Fire and Flames,6nnacTL5on2aVsRhVDNUSo
Killing In The Name,59WN2psjkt1tyaxjspN8fp
Cirice,3ZXZ9RMsznqgyHnyq0K5FL
Welcome To The Jungle,0G21yYKMZoHa30cYVi1iA8
Rock You Like A Hurricane,58XWGx7KNNkKneHdprcprX
The Pot,1lATXTBJDHwawvT1UfxWu3
To Hell and Back,1BrgjqSg9du0lj3TUMLluL
Duality,61mWefnWQOLf90gepjOCb3
The Trooper (2015 Remaster),2C3B3dva983HPMojFqWLOp
Walk,7fcfNW0XxTWlwVlftzfDOR
In the End,60a0Rd6pjrkxjPbaKzXjfq
Numb,2nLtzopw4rPReszdYBJU6h
Wake Me Up,0nrRP2bk19rLc0orkWPQk2
I Want It That Way,47BBI51FKFwOMlIiX6m8ya
Back In Black,08mG3Y1vljYA6bvDt4Wqkj
Sweet Child O' Mine,7snQQk1zcKl8gZ92AnueZW
Zombie,7EZC6E7UjZe63f1jRmkWxt
You Give Love A Bad Name,0rmGAIH9LNJewFw7nKzZnc
Pablo Sandhanam - Background Score,5iUbq311UD3MZYmfi2a1Ob
Wait and Bleed,2gscB6kDOmrv1P6qs2KXE3
Sugar,31RTFPrB7wmYBhlkM2ILXG
Unsainted,5mpUKTdskZea0gStWzeHUZ
TIRED OF PROBLEMS,5L7h1PCOF5lrX3e3v8sJAx
Cornfield Chase,6pWgRkpqVfxnj3WuIcJ7WP
No Time for Caution,5aaXqH8rgKZxg61HjECldi
Mountains,0Sg3UL7f40ulmTh0Xwr6qY
Organ Variation,6dkJvNZ7DJWzTFXv3KHmoT
Seven Nation Army,3dPQuX8Gs42Y7b454ybpMR
Thunderstruck,57bgtoPSgt236HzfBOd8kj
Beat It,3BovdzfaX4jb5KFQwoPfAw
Last Resort,5W8YXBz9MTIDyrpYaCg2Ky
21 Guns,64yrDBpcdwEdNY9loyEGbX
Pumped Up Kicks,7w87IxuO7BDcJ3YUqCyMTT
Africa,2374M0fQpWi3dLnB54qaLX
Wake Me up When September Ends,3ZffCQKLFLUvYM59XKLbVm
Immigrant Song - Remaster,78lgmZwycJ3nzsdgmPPGNx
American Idiot,6nTiIhLmQ3FWhvrGafw2zj
Shut Up and Dance,4kbj5MwxO1bq9wjT5g9HaA
Summer Of '69,0GONea6G2XdnHWjNZd6zt3
The Sound of Silence,0eZBeB2xFIS65jQHerispi
November Rain,3YRCqOhFifThpSRFJ1VWFM
Knockin' On Heaven's Door,4JiEyzf0Md7KEFFGWDDdCr
Sweet Home Alabama,7e89621JPkKaeDSTQ3avtg
You Shook Me All Night Long,2SiXAy7TuUkycRVbbWDEpo
Smooth Criminal - 2012 Remaster,5T7ywazdGIydr6JCW6t02j
Snow (Hey Oh),2aibwv5hGXSgw7Yru8IYTO
"You're Gonna Go Far, Kid",6TfBA04WJ3X1d1wXhaCFVT
Mr. Brightside,003vvx7Niy0yvhvHt4a68B
Highway to Hell,2zYzyRzz6pRmhPzyfMEC8s
Centuries,04aAxqtGp5pv12UXAg4pkq
It's My Life,0v1XpBHnsbkCn7iJ9Ucr1l
Toss A Coin To Your Witcher,2KMLGJ1mPfRE4GNdL92rl3
Sleepwalking,0j4mJiFv3L87bl9X5MPMsm
Paint The Town Red,2IGMVunIBsBLtEQyoI1Mu7
Houdini,4OMJGnvZfDvsePyCwRGO7X
Levitating,39LLxExYz6ewLAcYrzQQyP
Sweet Victory,287pDdRjRYf7sd84fzupQo
Free Bird - Edit,4D65zMx01EirTnqzJMJ9PF
All Day and All of the Night,78JmElAFmrPNhLjovDR9Jm
Trndsttr,4j2NMbqTSjcWgcAS70N4oD
Run Boy Run,0boS4e6uXwp3zAvz1mLxZS
Dog Days Are Over,1YLJVmuzeM2YSUkCCaTNUB
Eye For an Eye,1hRrievgkY2btSO22ijJnB
Bitter Sweet Symphony - Remastered 2016,57iDDD9N9tTWe75x6qhStw
Disintegration - 2010 Remaster,0zY8t5dC1KQXcPUKByWMJM
Rasputin,5jkFvD4UJrmdoezzT1FRoP
Monster,2UREu1Y8CO4jXkbvqAtP7g
Done for Me (feat. Kehlani),1lsBTdE6MGsKeZCD6llNu7
Die For You,2Ch7LmS7r2Gy2kc64wv3Bz
Shankara,3ChrN5yqI2YE6eAMMfvDs1
MONEY,45OX2jjEw1l7lOFJfDP9fv
INDUSTRY BABY (feat. Jack Harlow),27NovPIUIRrOZoCHxABJwK
Follow,5aXTfpNOqLj35ydEiLio67
Beggin (original version),1XyL3J7eTTKnxRZAM3LqIT
Wrong,1EpjMVaoloW4sLIdfVD6P8
Alors on danse - Radio Edit,2GYHyAoLWpkxLVa4oYTVko
Beautiful Alien (feat. AI AM) - Radio Edit,0a2TKGBIXhDpKhxJXq0iBs
Mambo No. 5 (a Little Bit of...),6x4tKaOzfNJpEJHySoiJcs
Give It Up,3yDhZq8f17SmumVmEyCaRN
Bad Boys (Theme from COPS),0qeKzbUsW0V4ZWRJrHNiD3
Johnny B. Goode,2QfiRTz5Yc8DdShCxG1tB2
Bonfire,0QIYINh2AwmOmdu8CRYvlw
Flashback,6A8llSO9QFF4djCCmuCrNu
Empire State Of Mind,2igwFfvr1OAGX9SKDCPBwO
Hotter Than Hell,5eTNdkstwKaNahHf41fJ9u
Blow Your Mind (Mwah),7kJlTKjNZVT26iwiDUVhRm
Life is a Highway,5gB2IrxOCX2j9bMnHKP38i
Love The Way You Lie,6UaRii9AH6Zss9xNMEQ2M9
2 MUCH (feat. 24hrs),6jtNk2zqbiZ9S7l6Gcp78A
Really Love (feat. Craig David & Digital Farm Animals),55RHkhHFQBUCEFVHoWwtFo
Fortunate Son,4BP3uh0hFLFRb5cjsgLqDh
Way down We Go,0y1QJc3SJVPKJ1OvFmFqe6
Astronaut In The Ocean,0BGwAKW4u8kWOhWFflZxfl
Boss Bitch,78qd8dvwea0Gosb6Fe6j3k
Cotton Eye Joe,06hsdMbBxWGqBO0TV0Zrkf
Smells Like Teen Spirit,1f3yAtsJtY87CTmM8RLnxf
D√©j√†-Vu,0swsqLCM1j5gdzFLtu2xQt
"Tokyo Drift (Fast & Furious) - From ""The Fast And The Furious: Tokyo Drift"" Soundtrack",0upFohXrGxIIAjyaJmCkMU
Waterloo,0RzhMHIsFMbOGh0oWDvNNK
Starman - 2012 Remaster,0pQskrTITgmCMyr85tb9qq
Scatman (ski-ba-bop-ba-dop-bop),623rRTKwGmgjH6sjE9uWLh
Lean On,5wldXGLEOoRXxMWJ8rIUWE
Strangers Do,4PQg6FbToTzRnN9pgxf9B9
V,2u1FWVxAb16qbgwPgygAdj
Chop Suey!,2DlHlPMa4M17kufBvI2lEN
Bottom Of The Deep Blue Sea,6AvslIXIi9iaGvukefyVVK
Orinoco Flow,14EUcXXpqrC03Dzzdj8bGr
Love Me Again,5sZAcPQEriLrwpdIy5B2CH
Sandstorm,6Sy9BUbgFse0n0LPA5lwy5
Stressed Out,3CRDbSIZ4r5MsZ0YwxuEkn
Plastic Heart,7EPbzLbSzg9d94LZ9MnKFA
Old Town Road,53CJANUxooaqGOtdsBTh7O
Baby Blue - Remastered 2010,6S3JlDAGk3uu3NtZbPnuhS
Dance Off (feat. Idris Elba & Anderson .Paak),7pDxNYVQLKzrbkCe8OCag3
Heathens,6i0V12jOa3mr6uu4WYhUBr
Enter Sandman (Remastered),3VqHuw0wFlIHcIPWkhIbdQ
Play with Fire (feat. Yacht Money),7vguMCv8uVuZLiQJ156u3Z
Ain't No Rest for the Wicked,3Pzh926pXggbMe2ZpXyMV7
Temperature,0k2GOhqsrxDTAbFFSdNJjT
Yellow,3AJwUDP919kvQ9QcozQPxg
Levitating (feat. DaBaby),5nujrmhLynf4yMoMtj8AQF
One Kiss (with Dua Lipa),7ef4DlsgrMEH11cDZd32M6
Don't Start Now,3PfIrDoz19wz7qK7tYeu62
New Rules,2xJCMIJfcNYDc5iR0sAm2O
Flowers,7DSAEUvxU8FajXtRloy8M0
Lose Yourself,7MJQ9Nfxzh8LPZ9e9u68Fq
Not Afraid,7Ie9W94M7OjPoZVV216Xus
Lose Yourself,1v7L65Lzy0j0vdpRjJewt1
"Freed From Desire - prod. Molella, Phil Jay",3u5N55tHf7hXATSQrjBh2q
Nothing Else Matters,0nLiqZ6A27jJri2VCalIUs
Enter Sandman,5sICkBXVmaCQk5aISGR3x1
Adventure of a Lifetime,69uxyAqqPIsUyTO8txoP2M
A Head Full of Dreams,6f49kbOuQSOsStBpyGvQfA
Biutyful,2L2mM3rEO3arNIMQnb3dou
Champion Of The World,6mf7BNgXs8JipPr2QILnyN
Charlie Brown,1yqMgZNrevsWMLWfO2PRp5
Clocks,0BCPKOYdS2jbQ8iyB56Zns
Coloratura,0jH7gF7KCk2Lom9gimaKms
Cry Cry Cry,4Kwhm5VU4huxmQtBqd1AXo
Daddy,3nbFvropl2lgg6X3DAnkgf
Don't Panic,2QhURnm7mQDxBb5jWkbDug
Everyday Life,0h9fnCSnbUgOEgibnQByFv
Everglow,5qfZRNjt2TkHEL12r3sDEU
Every Teardrop Is a Waterfall,2U8g9wVcUu9wsg6i7sFSv8
Everything's Not Lost - Includes Hidden Track 'Life Is For Living',1RNtm45kw0hPMBz7gKiIYu
Fix You,7LVHVU3tWfcxj5aiPFEW4Q
God Put a Smile upon Your Face,4hf0hL4kWyjWztZzVsM39V
Gravity,44LVgFZvUcBYo98vy71tvd
Green Eyes,3ou9rSNUQnE7XYmJkUUIOc
Higher Power,65OR4ywy8Cgs3FDHK82Idl
Humankind,23BO6YozrAXUta1buxFZ80
‚ôæ,2wleRXcIPqltoDPLMH5WDa
In My Place,2nvC4i2aMo4CzRjRflysah
Let Somebody Go,4cGqn0E8JCSY9gQllQj4Mf
Magic,23khhseCLQqVMCIT1WMAns
Midnight,4GKk1uNzpxIptBuaY97Dkj
ü™ê,1a3G9SNslcKsPAOuIikaxd
My Universe,46HNZY1i7O6jwTA7Slo2PI
O,77yuzxCS3csrgTPSW0pvyk
Orphans,6YQlCOZnlFmqeciAh58fDE
Paradise,6nek1Nin9q48AVZcWs9e9D
People of The Pride,5ophZLHA9mwSZhQSmboyDN
Politik,0u35Dpz37TY2M2j20RUdMf
The Scientist,75JFxkI2RXiU7L9VXzMkle
Shiver,0qksx8mV28lztYIZ1om8ml
Something Just Like This,1dNIEtp7AY3oDAKCGg2XkH
Sparks,7D0RhFcb3CrfPuTJ0obrod
Speed of Sound,7clUVcSOtkNWa58Gw5RfD4
Strawberry Swing,6yswG61G9VemCfy7kh5gub
Sunrise,6Tb7Zfo4PcSiS4TqQ4NnTh
Swallowed in the Sea,2u2WL5N3KnQnykOZi3fxL6
The Hardest Part,4Tw9JYF9HOuPRyccNWMgwf
Til Kingdom Come,1wQXj5bgxyZQ2XmE2X9s6n
Trouble,0R8P9KfGJCDULmlEoBagcO
Up&Up,31L9yLXSj6LpCFupyMV6CR
Us Against the World,5zyfzNnBzN7f7PVkJFnW2g
Violet Hill,2wToK3W4tScxgpAinchUYf
Vossi Bop,44ZJ4hLD5onikKsVLQaILr
"Take Me Back To London (Sir Spyro Remix) [feat. Stormzy, Jaykae & Aitch]",4iYxrnTvYsTtyphOTqTvkh
Clean Up,3v8Se9R6aP801DPHQiahED
I Dunno (feat. Dutchavelli & Stormzy),3B0WbRucJ6ZIla2G9IVt2E
Houdini (feat. Swarmz & Tion Wayne),3lay6f81Lhy0qp2Uvp4cNJ
Taste (Make It Shake),3evfXgwjSY5zuFxAHjMW5S
30,2LINywqqovb1DSYV4k4bNE
Rover (feat. DTG),4slSrbTK1sNK4I1mDYEthf
Rain,5LBikzSkad9yQ6RH87Gdrm
Freaky (feat. Poundz & Dappy),5yXPiEReqyIdDf3BviDNjz
Safe To Say,5oMref8zWe18ohL4JJ9N2P
Strike a Pose (feat. Aitch),23GvTfcGK454ppLsts3W44
MICE,7CT7P8PxTxM4rI0AvsEKjW
Confidence,3Xz3WUs8VPng3L8BRnB6Hs
Hold,7vNuWM68PF5O5rBWtWXvnl
"Body (Remix) [feat. ArrDee, E1 (3x3), ZT (3x3), Bugzy Malone, Buni, Fivio Foreign & Darkoo]",6uvMKqNlrSvcC4NaKnrwjZ
Legend Has It,4RnfMhMUMqHlrn4V6A3KfS
Heartless,57vxBYXtHMk6H1aD29V7PU
Blinding Lights,0sf12qNH5qcw8qpgymFOqD
Starboy,7MXVkk9YMctZqd1Srtv4MB
Reminder,37F0uwRSrdzkBiuj0D5UHI
Party Monster,4F7A0DXBrmUAkp32uenhZt
Lights Up,4jAIqgrPjKLTY9Gbez25Qb
Watermelon Sugar,1e9oZCCiX42nJl0AcqriVo
Adore You,1M4qEo4HE3PRaCOM7EXNJq
HOLIDAY,6zFMeegAMYQo0mt8rXtrli
Royals,2dLLR6qlu5UJ5gk0dKz0h3
Somebody That I Used To Know,4wCmqSrbyCgxEXROQE6vtV
Ride,2Z8WuEywRWYTKe1NybPQEW
Believer,0CcQNd8CINkwQfe1RDtGV6
Thunder,0tKcYR2II1VCQWT79i5NrW
Demons,2Oehrcv4Kov0SuIgWyQY9e
Natural,2FY7b99s15jUprqC0M5NCT
Whatever It Takes,4IWAyPf1KMq7JCyGeCjTeH
It's Time,3xqF04FdMK7gpIPG3SPFpY
On Top Of The World,4eLSCSELtKxZwXnFbNLXT5
Gold,1WQFOwtI6EfsvRz7wcDbQm
We Are Young (feat. Janelle Mon√°e),7a86XRg84qjasly9f6bPSD
Shots,64MmobYNviePoiaINMrbMn
Radioactive,4G8gkOterJn0Ywt6uhqbhp
"Feels (feat. Pharrell Williams, Katy Perry & Big Sean)",5bcTCxgc7xVfSaMV3RuVke
Sign of the Times,5Ohxk2dO5COHF1krpoPigN
Follow You,7FdUvDkaE24o3FPIWTvzv2
Roses,3vv9phIu6Y1vX3jcqaGz5Z
All We Know,2rizacJSyD9S1IQUxUxnsK
Don't Let Me Down,1i1fxkWeaMmKEB4T7zqbzK
Inside Out,7sG2bWi2eDtvX9vX8yC1Gn
Setting Fires,2PC9Tl8SWVO2yhDDtJcrAi
Clarity,0VGrgE7GbWaINRnh1bR4k9
Beautiful Now,7FJP35tUJ2121EJsFpU1Gh
The Hills,7fBv7CLKzipRk6EC6TWHOB
Can't Feel My Face,22VdIZQfgXJea34mQxlt81
"Earned It (Fifty Shades Of Grey) - From The ""Fifty Shades Of Grey"" Soundtrack",2PIvq1pGrUjY007X5y1UpM
I Feel It Coming,3dhjNA0jGA8vHBQ1VdD6vV
Often,4PhsKqMdgMEUSstTDAmMpg
Some Way,7zxRMhXxJMQCeDDg0rKAVo
Save Your Tears (with Ariana Grande) (Remix),37BZB0z9T8Xu7U3e65qxFy
Location,152lZdxL1OR0ZMW6KquMif
Young Dumb & Broke,5Z3GHaZ6ec9bsiI5BenrbY
Gold,6ZSO7kPn8IMJFymyticbJO
Lush Life,1rIKgCH4H52lrvDcz50hS8
Roots,4GITtbZtRCQXhWLMXrWXHt
Sugar,2iuZJX9X9P0GKaE93xcPjk
Payphone,1LmN9SSHISbtp9LoaR5ZVJ
I Bet My Life,15DrrIod12Tc2IoMaHiwlQ
Bleeding Out,0RchWnEHETINMAyrTrlBmo
Friction,2iIb73Qn02LsZwpW8RJUxh
Moves Like Jagger,64QftS2rGzpynevjuCsJXW
Cutthroat,0n0TbMUY2xrZlvd5J6XsqO
Rolling in the Deep,1c8gk2PeTE04A1pIDH9YMk
Skyfall,6VObnIkLVruX4UVyxWhlqm
Marvin Gaye (feat. Meghan Trainor),6ukMqDxnOPOgoHdak7Kyp3
PILLOWTALK,0PDUDa38GO8lMxLCRc4lL1
WILD,2HWWsTZxnLSUdFZ4gjsP5N
YOUTH,1cOyWWUr3oXJIxY0AjJEx9
Cake By The Ocean,76hfruVvmfQbw0eYn1nmeC
Toothbrush,7ciLq0Cip0yxiz6KANrOUq
Kissing Strangers,1NkwZ9TnIs8js6G0M6M7RU
Body Moves,2igbKtoBMXdYgYPkCpl0V4
Kiwi,33SNO8AaciGbNaQFkxvPrW
Heat Waves,02MWAaffLxlfxAUY7c5dvx
Enemy (with JID) - from the series Arcane League of Legends,1r9xUipOqoNwggBpENDsvJ
Enemy (with JID) - from the series Arcane League of Legends,1HhNoOuqm1a5MXYEgAFl8o
Viva Las Vengeance,2XRh87n9CQoWkWW94H3Min
High Hopes,1rqqCSm0Qe4I9rUvWncaom
House of Memories,2DgdHcjWmO3qd50RzuBLgZ
ME! (feat. Brendon Urie of Panic! At The Disco),2Rk4JlNc2TPmZe2af99d45
I Write Sins Not Tragedies,4bPQs0PHn4xbipzdPfn6du
The Ballad of Mona Lisa,5rLi8B8qgk6qThwRnKHW2P
Emperor's New Clothes,3px2rAPu74ltbkf9eZsZ8h
"Hey Look Ma, I Made It",22oEJW6r2rMb9z4IntfyEa
This Is Gospel,3yZQk5PC52CCmT4ZaTIKvv
Into the Unknown - Panic! At The Disco Version,421eObjg0DTm2qajJl5OJm
Don't Threaten Me with a Good Time,2fh3bZ8jZhMxOcfESE9nQY
Say Amen (Saturday Night),76vMKwFtdDDCLcM6zXybjB
The Greatest Show,55PZSFcKQxXH5BOOcDA6yI
Miss Jackson (feat. LOLO),46Kcradxrva9Dny4lHU1b3
Victorious,6od5hFv9IT5JHc7NEF9HRv
Lying Is the Most Fun a Girl Can Have Without Taking Her Clothes Off,5eB7w8UZJKjL5XmnC6Pctg
Nine in the Afternoon - Single Mix,1S30kHvkkdMkcuCTGSgS41
Girls / Girls / Boys,2wEjPgOCEczmjlvq60LyQi
Death of a Bachelor,1BECwm5qkaBwlbfo4kpYx8
Let's Kill Tonight,14uvyd51Ha7FihKHlOtUig
"Build God, Then We'll Talk",4rstj4vgkFq49R2VV0fbxX
Nicotine,5Q4H1XkVHxQjnrHCUpS61d
LA Devotee,2fmCA13dwQQOGBIbIOWRiJ
New Perspective,5psEUJWeJU2BiOYyWdjgxZ
The Only Difference Between Martyrdom and Suicide Is Press Coverage,4WdopfTdSd0nCLropjhsgH
Roaring 20s,0wdV94AXGRphrbkDWLNzVC
Don't Let The Light Go Out,2Tg7Tc4H50u11aDpmSRQTB
Sarah Smiles,00h6syYCxPKVsInPHXhdZ1
But It's Better If You Do,2ZqTtndqAZDRAWw2vgZwQK
King of the Clouds,50Hv5NZIM0puIUoBttjpfb
Collar Full,1zN3CZlafjfEiMR9uXQGrW
Nearly Witches (Ever Since We Met...),2KA3lvDwQQiyvuJJvzifGL
"There's a Good Reason These Tables Are Numbered Honey, You Just Haven't Thought of It Yet",4xSVkbqCz1xaevkjP8xXL5
One of the Drunks,5trCWbYtza0QUxdmF9HAPX
Far Too Young to Die,4NTL7fT4eqfPao94lmqth2
Northern Downpour,49SL9f1Kz73p0bzsNPTY4l
Always,5VL7pScLlKe4MbB8EAivgA
C'mon - Single Version,53c9tTEHXWL5GkYNalbXZ3
Middle Of A Breakup,18Lvxsm4l6noRNjQW8nS4b
That Green Gentleman (Things Have Changed),2d1D1E8M48hHE99u6BO8RN
Hurricane,7l9uOhfVJC8Y0c6PXHrgbs
Bohemian Rhapsody,2YSbHu9XF4bNYWt3MnIhgE
Say It Louder,61aS3LDHi60ZZr3ZpHG2AP
When the Day Met the Night,7v1b3qExlTFrpFWrtcnUpE
High Hopes - White Panda Remix,1wR8ATQr0sxSfp6jGJ5Oe6
Local God,2RQ0D9N823H0WT1vSy74RM
She Had the World,673WCjn0SxKJD4qRKczaCk
Sugar Soaker,5SJdekNLV0K53bTxkP3tyq
Running Up That Hill (A Deal With God),1PtQJZVZIdWIYdARpZRDFO
A Million Dreams,0RoA7ObU6phWpqhlC9zH4Z
Rewrite The Stars,65fpYBrI8o2cfrwf2US4gq
The Other Side,2cKovq3l6OJjhVVDbVKOsr
City Of Stars,5BMwpS4iYKR30kq9U9beaT
A Lovely Night,4r9hiElqKWMPT4Z3vN2exq
Someone In The Crowd,39ncDMVidHOeQgeC5anYZM
Another Day Of Sun,5kRBzRZmZTXVg8okC7SJFZ
"Circle of Life (From ""The Lion King"") - From ""The Lion King"" Soundtrack",7tL61fgLUj48iB6JXVWzii
This Land,6EKywtYHtZLAvxyEcqrbE7
Tightrope,0GVuLQtPXFaL18ijEOqoAa
Kaer Morhen,761SMhVKJlJlUCUveNcq1m
